연도,분기,지역,습도_평균,습도_중앙값,습도_분산,기온_평균,기온_분산,강수량_평균,강수량_분산,질병건수,이산화황_평균,이산화질소_평균,오존_평균,일산화탄소_평균,미세먼지_평균,초미세먼지_평균,이산화황_분산,이산화질소_분산,오존_분산,일산화탄소_분산,미세먼지_분산,초미세먼지_분산
2018,1,강원,59.556017838012906,59.0,553.5897254656664,0.0333333333333335,24.11555555555556,33.233333333333334,491.7088888888888,0.0,0.0037222222222222,0.0187777777777777,0.0283333333333333,0.5944444444444444,42.888888888888886,29.38888888888889,1.867283950617284e-06,2.4728395061728395e-05,6.0777777777777775e-05,0.0283024691358024,83.09876543209876,42.348765432098766
2018,2,강원,71.50019699581384,77.0,553.6766245743796,16.566666666666666,14.762222222222183,129.36666666666665,1538.9955555555546,9.0,0.002,0.0126666666666666,0.0441666666666666,0.35,42.888888888888886,22.944444444444443,3.333333333333333e-07,8.555555555555556e-06,8.80555555555556e-06,0.0047222222222222,73.98765432098764,17.608024691358022
2018,3,강원,83.36527179653855,90.0,253.1789449143034,23.066666666666663,10.442222222222174,238.4333333333333,10026.468888888892,19.0,0.0018333333333333,0.0099444444444444,0.0271666666666666,0.2777777777777778,24.72222222222222,14.166666666666666,3.611111111111111e-07,1.0608024691358024e-05,8.472222222222223e-06,0.0039506172839506,25.20061728395062,15.25
2018,4,강원,69.43394520156748,74.0,598.1142261420538,5.333333333333333,26.19555555555557,82.33333333333333,3479.5755555555547,,0.00265,0.0174,0.02,0.465,35.75,19.9,6.274999999999999e-07,3.344e-05,4.0100000000000006e-05,0.021275,103.0875,35.58999999999999
2019,1,강원,58.90981202296096,59.0,589.6729333789503,1.5666666666666669,10.34888888888889,23.1,228.1866666666668,0.0,0.0031458333333333,0.0145833333333333,0.03025,0.548936170212766,53.895833333333336,32.75,1.957899305555556e-06,2.9659722222222224e-05,0.0001079791666666,0.0276052512449071,108.05164930555556,61.22916666666666
2019,2,강원,66.06341618125981,70.0,659.0640673475,16.333333333333332,17.615555555555552,59.833333333333336,1303.5022222222226,13.0,0.0022407407407407,0.009,0.0470555555555555,0.3999999999999999,37.0,18.814814814814813,6.642661179698217e-07,1.1703703703703705e-05,5.8459876543209866e-05,0.007037037037037,59.14814814814815,12.224965706447188
2019,3,강원,85.10332178984781,92.0,218.21169779418355,22.933333333333334,4.40888888888889,194.33333333333331,35.068888888888885,12.0,0.0019444444444444,0.0065185185185185,0.0289629629629629,0.3592592592592593,23.98148148148148,12.48148148148148,3.8580246913580266e-07,6.768175582990397e-06,3.0257887517146776e-05,0.0053772290809327,14.610768175582992,10.175582990397809
2019,4,강원,73.66776291146637,79.0,496.4571496225091,7.233333333333333,28.802222222222227,87.63333333333333,4538.095555555556,,0.0026226415094339,0.0126226415094339,0.0216226415094339,0.4603773584905659,32.716981132075475,18.69811320754717,8.387326450694199e-07,2.7933072267710925e-05,3.842363830544678e-05,0.0137130651477394,48.27839088643646,51.26735493058028
2020,1,강원,67.64263463343859,70.0,539.256861250659,2.966666666666667,6.40888888888889,55.833333333333336,548.5488888888891,0.0,0.0027037037037037,0.012074074074074,0.0288333333333333,0.487037037037037,34.907407407407405,22.64814814814815,7.270233196159121e-07,1.9105624142661176e-05,5.5768518518518506e-05,0.0089060356652949,45.89883401920439,36.33916323731138
2020,2,강원,69.45325734188238,73.0,565.4067812284236,16.23333333333333,27.41555555555558,92.4,1597.0066666666664,45.0,0.0023888888888888,0.0076851851851851,0.0427962962962963,0.3629629629629629,34.44444444444444,17.166666666666668,4.969135802469137e-07,6.734224965706447e-06,2.968072702331961e-05,0.0049245541838134,33.32098765432099,12.138888888888893
2020,3,강원,86.34665126860116,93.0,194.4345141268133,21.86666666666667,6.828888888888691,361.4333333333334,10937.05555555553,9.0,0.0022222222222222,0.0059444444444444,0.0263518518518518,0.3814814814814814,17.64814814814815,9.62962962962963,8.024691358024692e-07,6.126543209876542e-06,2.222805212620028e-05,0.0063237311385459,14.19101508916324,4.640603566529492
2020,4,강원,65.73010116814065,68.0,565.5424010597942,5.8,30.64666666666668,15.366666666666667,272.32888888888897,,0.002537037037037,0.0119814814814814,0.0244259259259259,0.4462962962962962,30.925925925925927,17.943396226415093,5.449245541838133e-07,2.046262002743484e-05,4.202229080932783e-05,0.011375171467764,46.47599451303155,34.09113563545746
2021,1,강원,61.85692587888197,63.0,598.3388202306212,1.9,19.086666666666662,38.8,1951.386666666667,0.0,0.0027407407407407,0.0116851851851851,0.0303333333333333,0.4925925925925925,41.18518518518518,18.814814814814813,7.475994513031552e-07,1.3549039780521262e-05,4.825925925925927e-05,0.0062414266117969,78.74348422496568,20.55829903978052
2021,2,강원,71.80593144481887,77.0,549.9493579134624,16.0,12.739999999999984,113.6,1144.8200000000006,23.0,0.0021481481481481,0.0069259259259259,0.0393518518518518,0.3777777777777777,35.67307692307692,14.055555555555555,6.817558299039782e-07,6.216735253772292e-06,2.2561385459533605e-05,0.0035802469135802,105.64312130177515,6.496913580246911
2021,3,강원,85.57189808514775,92.0,205.48264099438225,22.899999999999995,5.040000000000004,175.9333333333333,2597.1355555555524,0.0,0.0021111111111111,0.0055,0.0280185185185185,0.3759259259259259,16.22,8.185185185185185,4.32098765432099e-07,4.138888888888889e-06,1.2018175582990404e-05,0.0092352537722908,12.171600000000002,7.076817558299041
2021,4,강원,71.8641101023372,75.0,508.4145164112272,6.833333333333333,30.82888888888889,48.333333333333336,984.5355555555552,,0.0024074074074074,0.0108518518518518,0.0252777777777777,0.4203703703703703,26.607843137254903,14.807692307692308,3.155006858710562e-07,1.69039780521262e-05,3.9200617283950616e-05,0.0068072702331961,68.70895809304115,30.924556213017745
2022,1,강원,61.09603428248139,62.0,559.6048804498924,0.4666666666666668,16.602222222222224,32.5,1580.0266666666669,5.0,0.0024074074074074,0.0122407407407407,0.0327962962962962,0.4537037037037038,34.27777777777778,20.90740740740741,3.895747599451303e-07,1.90346364883402e-05,5.9717764060356655e-05,0.0095233196159122,42.42283950617284,26.34327846364884
2022,2,강원,66.20897724163365,69.0,610.2246239823626,17.266666666666666,10.935555555555563,105.36666666666667,13217.708888888888,82.0,0.002,0.0073148148148148,0.0478888888888889,0.3185185185185186,27.75925925925926,13.5,1.851851851851852e-07,4.660150891632372e-06,4.180246913580247e-05,0.0070644718792866,53.10871056241427,8.98076923076923
2022,3,강원,85.60578659709844,92.0,220.0510106939365,22.73333333333333,5.662222222222328,271.56666666666666,8857.388888888901,22.0,0.0018518518518518,0.0057407407407407,0.0271481481481481,0.312962962962963,15.88888888888889,7.833333333333333,1.262002743484225e-07,3.858710562414266e-06,9.126200274348424e-06,0.0107578875171467,9.209876543209877,3.324074074074074
2022,4,강원,69.75765072112966,74.0,566.3682061728725,5.633333333333333,45.428888888888906,79.16666666666667,4901.775555555553,,0.0022037037037037,0.0109814814814814,0.0240185185185185,0.3925925925925926,25.444444444444443,14.351851851851851,3.1035665294924564e-07,2.30181755829904e-05,2.67218792866941e-05,0.0114266117969821,75.87654320987654,35.413237311385465
2018,1,경기,62.10539658101508,62.0,486.49023858553767,-0.1666666666666666,28.015555555555554,32.766666666666666,481.84222222222223,75.0,0.0049462365591397,0.0291827956989247,0.0211505376344086,0.5806451612903226,56.774193548387096,35.946236559139784,1.2121632558677304e-06,6.247196207654065e-05,5.292357497976646e-05,0.0101630246271245,27.57266736038849,16.416464331136545
2018,2,경기,70.88437652457114,74.0,475.4429205926157,17.166666666666668,17.00222222222217,156.96666666666667,1339.8755555555592,2.0,0.0035376344086021,0.0198387096774193,0.0368172043010752,0.3967741935483869,46.24731182795699,24.365591397849464,9.58261070644005e-07,5.419979188345475e-05,2.746120938836859e-05,0.0059035726673603,92.44421320383856,14.984622499710948
2018,3,경기,77.07495688675588,81.0,315.8534092234961,24.7,11.126666666666702,183.0,7013.8866666666645,118.0,0.0030645161290322,0.0140645161290322,0.0272473118279569,0.3483870967741934,24.236559139784948,12.397849462365592,5.549774540409296e-07,2.664099895941727e-05,1.2960342236096656e-05,0.0055081512313562,25.169846224997112,8.454619031101863
2018,4,경기,68.50629322903679,71.0,507.012878417638,5.233333333333333,29.068888888888903,66.13333333333334,1460.1622222222222,,0.0035698924731182,0.0289139784946236,0.0145268817204301,0.556989247311828,48.24731182795699,27.591397849462364,6.32211816394959e-07,8.293883685975255e-05,1.4915944039773383e-05,0.0129887848306162,173.4979766446988,64.13411955139323
2019,1,경기,60.782457786116325,61.0,528.2283820105072,1.1666666666666667,12.162222222222224,21.6,226.10666666666668,7.0,0.0043333333333333,0.0303440860215053,0.0210645161290322,0.646236559139785,68.70967741935483,42.204301075268816,6.953405017921146e-07,6.775257255174008e-05,6.178078390565384e-05,0.0097976644698809,75.25979882067291,32.91525031795584
2019,2,경기,65.62679666032551,68.0,547.8285620669026,17.0,19.22000000000005,46.56666666666666,249.3888888888897,63.0,0.0037204301075268,0.0196666666666666,0.0415806451612903,0.4344086021505375,43.30107526881721,21.83870967741936,1.0401202451150422e-06,4.828673835125448e-05,5.789941033645509e-05,0.0048375534743901,133.6512891663776,27.55463059313216
2019,3,경기,79.94712368805634,85.0,291.3143997167288,24.03333333333333,4.408888888888885,212.5666666666667,2171.5355555555498,1.0,0.0029139784946236,0.0146236559139784,0.0308279569892473,0.3978494623655912,26.967741935483872,14.554347826086955,6.162562145912822e-07,2.6170193085905885e-05,2.9088680772343625e-05,0.0077373106717539,22.955948664585502,14.834002835538756
2019,4,경기,72.90345875114241,76.0,412.6558960512005,7.033333333333332,34.99555555555555,52.833333333333336,486.3022222222223,,0.0033655913978494,0.0258817204301075,0.0159354838709677,0.5236559139784945,42.68817204301075,23.301075268817204,7.050526072378308e-07,6.70505260723783e-05,2.257648283038502e-05,0.0119135160134119,48.666204185454966,47.97386981153889
2020,1,경기,66.37739586226887,68.0,490.6153425698185,3.0666666666666664,7.548888888888892,47.8,495.0599999999997,0.0,0.0033333333333333,0.0253655913978494,0.0222473118279569,0.5376344086021506,45.94623655913978,28.161290322580644,5.878136200716846e-07,4.965128916637761e-05,4.339044976297839e-05,0.0118094577407792,21.4057116429645,17.59764134582032
2020,2,경기,68.75199198318424,72.0,562.1607406517008,16.866666666666667,26.975555555555577,82.13333333333333,1955.162222222223,16.0,0.0029354838709677,0.0153118279569892,0.0419032258064516,0.4053763440860213,41.193548387096776,19.6989247311828,6.625043357613597e-07,2.0279107411261417e-05,2.675407561567811e-05,0.003304428257602,33.51092611862644,9.801826800786218
2020,3,경기,83.03753417264076,88.0,258.8801207136354,22.96666666666667,5.828888888888792,374.9,45722.32666666666,4.0,0.0026666666666666,0.0115698924731182,0.0277419354838709,0.372043010752688,22.193548387096776,11.956989247311828,5.017921146953403e-07,1.3728986009943344e-05,2.036351023239681e-05,0.0037345357844837,9.274366978841485,5.804601688056424
2020,4,경기,67.52816972896153,69.0,491.3906884548835,5.733333333333333,33.982222222222234,23.566666666666663,612.5755555555555,,0.0034516129032258,0.0246774193548387,0.0178709677419354,0.5172043010752688,42.483870967741936,23.9247311827957,4.842178286507112e-07,4.082067291016303e-05,1.357474852584114e-05,0.0057255174008555,32.52930974679154,29.63949589547925
2021,1,경기,64.22943320778342,64.0,516.3604771088152,1.9333333333333336,22.48222222222222,44.6,1912.0066666666664,0.0,0.0034086021505376,0.0244516129032258,0.0234946236559139,0.5258064516129032,54.26881720430107,28.18279569892473,5.857324546190312e-07,3.1903572667360394e-05,3.422846571858018e-05,0.0042802636142906,175.65892010637066,31.4612093883686
2021,2,경기,70.53260976197059,74.0,505.6187304902018,17.033333333333335,12.762222222222237,119.43333333333332,2909.9022222222266,0.0,0.0028387096774193,0.0151935483870967,0.0406344086021505,0.393548387096774,48.12903225806452,19.591397849462364,6.729101630246273e-07,2.2134582032604928e-05,1.0016880564227077e-05,0.0040443981963232,158.95109261186263,11.402936755694302
2021,3,경기,78.7891820813188,81.0,274.5958078582411,24.166666666666668,5.002222222222226,144.20000000000002,431.3866666666646,134.0,0.0026451612903225,0.0110752688172042,0.0327204301075268,0.3795698924731181,22.161290322580644,11.24731182795699,6.16024973985432e-07,1.2370678691178166e-05,1.7384206266620417e-05,0.0054965892010637,23.576135969476244,11.347439010290204
2021,4,경기,72.3508568544412,75.0,445.00748997951706,6.733333333333333,36.015555555555565,42.0,600.4266666666671,,0.002752688172043,0.0225483870967741,0.0183333333333333,0.4946236559139785,39.29032258064516,21.967741935483872,4.012024511504222e-07,4.463475546305932e-05,1.2308243727598564e-05,0.0071753959995375,65.51786333680195,38.31078737426292
2022,1,경기,61.628899329283726,62.0,465.1391298623808,0.3999999999999997,19.546666666666663,34.300000000000004,1687.82,11.0,0.0026881720430107,0.0235376344086021,0.0242795698924731,0.489247311827957,43.9010989010989,26.580645161290324,3.006127876055036e-07,4.117331483408487e-05,3.626592669672794e-05,0.0099919065787952,15.693515275932858,16.996184530003468
2022,2,경기,65.23561730845573,67.0,520.1698768609061,17.766666666666666,12.908888888888873,159.13333333333333,36913.54888888888,165.0,0.0021075268817204,0.0129247311827956,0.0430326086956521,0.3193548387096774,34.87777777777778,17.150537634408604,3.110186148687709e-07,1.7833044282576023e-05,2.487937145557656e-05,0.0052167880679847,103.30728395061728,18.62249971094924
2022,3,경기,80.87504403240786,85.0,263.08891965428535,23.766666666666666,5.662222222222224,352.56666666666666,29905.41555555553,0.0,0.0018387096774193,0.0106129032258064,0.0316559139784946,0.3129032258064516,22.52173913043478,11.956989247311828,2.428026361429067e-07,1.2925424904613252e-05,1.6698809110879867e-05,0.0060700659035726,15.727788279773154,7.869117817088681
2022,4,경기,70.52025300679254,73.0,456.9695606012256,5.5,54.68666666666666,67.16666666666667,2053.6288888888894,,0.0023548387096774,0.0216774193548387,0.0181720430107526,0.4139784946236558,36.72043010752688,20.913978494623656,3.364550815123135e-07,4.383142559833507e-05,1.2701583998150072e-05,0.0072239565267661,60.24442132038386,26.96034223609666
2018,1,경남,59.19825544586958,59.0,583.2807004222007,3.533333333333333,15.13555555555556,78.5,4392.806666666666,4.0,0.004076923076923,0.0193076923076923,0.0282962962962962,0.4923076923076923,43.34615384615385,23.76923076923077,7.633136094674557e-07,1.4213017751479292e-05,5.635665294924554e-05,0.006094674556213,24.457100591715985,5.792899408284024
2018,2,경남,75.24353754159007,80.0,445.8335402427329,18.266666666666666,11.21555555555556,162.0666666666667,1007.6155555555532,2.0,0.0042222222222222,0.0148148148148148,0.0446296296296296,0.3703703703703703,46.2962962962963,21.62962962962963,6.172839506172839e-07,1.5262002743484226e-05,2.2529492455418387e-05,0.0080109739368998,106.35665294924556,10.899862825788752
2018,3,경남,83.18098403952551,87.0,217.81376042508683,25.166666666666668,9.10888888888884,227.9333333333333,3322.4088888888946,5.0,0.0039259259259259,0.0114814814814814,0.0317407407407407,0.3444444444444444,28.59259259259259,13.25925925925926,1.3278463648834025e-06,1.0027434842249655e-05,1.1821673525377227e-05,0.0106172839506172,42.53772290809328,15.229080932784637
2018,4,경남,69.45192373247279,72.0,515.3200546487898,8.666666666666666,20.562222222222218,91.43333333333334,6864.748888888887,,0.0034074074074074,0.0198148148148148,0.0233076923076923,0.4407407407407407,39.629629629629626,19.03703703703704,6.858710562414265e-07,3.659533607681755e-05,2.4905325443786987e-05,0.0150068587105624,77.6406035665295,19.665294924554185
2019,1,경남,58.51303020638753,58.0,473.807801141808,5.066666666666666,8.69555555555555,37.56666666666667,289.24222222222204,10.0,0.0035714285714285,0.0173809523809523,0.0339047619047619,0.4904761904761904,49.21428571428572,24.61904761904762,6.73469387755102e-07,2.147392290249433e-05,8.33718820861678e-05,0.0089569160997732,19.930272108843536,5.902494331065759
2019,2,경남,71.76556288590037,76.0,508.5060539154592,17.8,13.626666666666653,159.13333333333333,5865.0022222222215,0.0,0.0035,0.0132619047619047,0.048095238095238,0.3809523809523809,40.16666666666666,18.38095238095238,9.642857142857142e-07,1.5336167800453515e-05,4.913378684807257e-05,0.004875283446712,27.23412698412698,6.045351473922902
2019,3,경남,85.94512484197219,90.0,185.303509408984,24.53333333333333,2.975555555555555,239.53333333333333,10300.028888888884,0.0,0.0027948717948717,0.0105897435897435,0.0309743589743589,0.3948717948717949,28.41025641025641,13.21951219512195,7.784352399737016e-07,6.03681788297173e-06,1.274293228139382e-05,0.0086916502301117,13.780407626561468,8.903033908387863
2019,4,경남,70.98801652091292,73.0,425.7517664186528,10.1,26.886666666666656,93.26666666666668,8059.682222222221,,0.00284,0.01652,0.0235599999999999,0.42,32.22,16.02,5.343999999999999e-07,2.68896e-05,2.0486400000000004e-05,0.0088,22.2916,17.5396
2020,1,경남,65.98721137393943,66.0,503.75063905884826,6.133333333333333,4.942222222222224,69.13333333333334,741.3355555555552,8.0,0.0031666666666666,0.0151481481481481,0.0300925925925925,0.4425925925925925,30.5,18.38888888888889,2.1296296296296306e-07,1.7533607681755827e-05,4.078772290809328e-05,0.0050377229080932,12.287037037037036,9.31172839506173
2020,2,경남,71.27071178529755,76.0,524.72489632686,17.766666666666666,21.8022222222223,131.03333333333333,6557.662222222221,12.0,0.003037037037037,0.0103333333333333,0.0472777777777777,0.3611111111111111,31.28846153846154,15.62962962962963,2.949245541838136e-07,6.074074074074073e-06,1.075617283950618e-05,0.0042283950617283,13.89755917159764,3.8998628257887513
2020,3,경남,87.05670801442773,91.0,168.96706601804377,23.6,7.446666666666715,403.3666666666666,14528.562222222228,8.0,0.0026851851851851,0.0086666666666666,0.0312037037037037,0.3277777777777778,23.11111111111111,12.74074074074074,3.6385459533607706e-07,6.148148148148147e-06,2.1977023319615915e-05,0.0057098765432098,24.24691358024691,9.488340192043896
2020,4,경남,64.09733910451997,64.0,452.615113406592,9.0,29.00666666666666,25.23333333333333,252.9355555555556,,0.0031111111111111,0.0147962962962962,0.0270925925925925,0.4129629629629629,29.14814814814815,16.48148148148148,4.69135802469136e-07,2.175480109739369e-05,2.675068587105624e-05,0.0044615912208504,15.607681755829905,14.101508916323732
2021,1,경남,62.71110518035734,63.0,495.6551993966148,5.566666666666667,13.868888888888884,68.0,3314.8466666666664,0.0,0.0030555555555555,0.0139629629629629,0.0324444444444444,0.4129629629629628,39.14814814814815,18.703703703703702,2.376543209876543e-07,1.3776406035665292e-05,2.946913580246914e-05,0.0055727023319615,96.3113854595336,6.319615912208504
2021,2,경남,70.54883222687359,74.0,482.88658375031713,18.066666666666663,11.242222222222203,110.83333333333331,547.1488888888885,21.0,0.0029074074074074,0.0103703703703703,0.0453703703703703,0.3574074074074075,33.01851851851852,15.62962962962963,3.43278463648834e-07,7.159122085048011e-06,1.5381344307270233e-05,0.0068895747599451,24.53669410150892,3.8998628257887513
2021,3,경남,84.74176111140126,88.0,179.49966118611897,24.76666666666667,3.5822222222222195,282.06666666666666,12352.40222222222,1.0,0.0028113207547169,0.0077169811320754,0.0320566037735849,0.3113207547169811,18.98076923076923,10.68627450980392,2.6628693485226066e-07,3.4482022071911706e-06,1.0543965824136703e-05,0.0059095763616945,6.403476331360947,5.313341022683582
2021,4,경남,70.14345996876102,72.0,466.4722578560189,9.766666666666666,27.80222222222225,32.56666666666667,506.0022222222223,,0.0030925925925925,0.0142407407407407,0.0265555555555555,0.4314814814814813,27.25925925925926,16.11111111111111,4.173525377229081e-07,2.433093278463649e-05,2.239506172839506e-05,0.0073422496570644,20.00685871056241,7.469135802469135
2022,1,경남,54.29739217652959,53.0,479.4446243314268,4.266666666666667,13.235555555555557,34.6,2380.5066666666667,159.0,0.0032222222222222,0.0149444444444444,0.0338703703703703,0.4703703703703702,30.444444444444443,18.83333333333333,2.0987654320987658e-07,1.6089506172839508e-05,4.422393689986282e-05,0.0072702331961591,11.32098765432099,2.8796296296296293
2022,2,경남,68.06860171380454,72.0,505.2902228531424,18.83333333333333,10.70222222222224,77.06666666666666,3006.6688888888884,45.0,0.003,0.0098148148148148,0.0450185185185185,0.3685185185185184,25.58490566037736,13.9811320754717,2.592592592592593e-07,7.55829903978052e-06,4.790706447187929e-05,0.0051200274348422,28.50694197223212,7.641153435386259
2022,3,경남,82.46823691223244,86.0,209.37378846584176,24.866666666666664,4.728888888888888,176.03333333333333,137.34222222222235,4.0,0.0027592592592592,0.0081111111111111,0.0320555555555555,0.3537037037037038,19.39622641509434,10.90566037735849,2.1982167352537721e-07,4.580246913580247e-06,1.9830246913580248e-05,0.0073010973936899,8.616589533641864,5.670345318618725
2022,4,경남,65.94996751864878,67.0,478.5626449625989,9.166666666666666,35.762222222222235,28.366666666666664,411.1022222222224,,0.0028518518518518,0.0138518518518518,0.0270555555555555,0.4148148148148147,26.296296296296298,15.648148148148149,2.373113854595337e-07,2.082990397805213e-05,2.427469135802469e-05,0.0049657064471879,26.0233196159122,13.042866941015088
2018,1,경북,57.92067517682532,57.0,574.550567134622,1.9333333333333331,18.942222222222224,57.53333333333334,1877.1822222222213,1.0,0.0049629629629629,0.0174074074074074,0.0278888888888888,0.5925925925925926,48.81481481481482,31.791666666666668,2.7023319615912207e-06,2.0389574759945127e-05,4.720987654320989e-05,0.0221673525377229,48.59533607681756,25.66493055555556
2018,2,경북,69.53843642892117,73.0,540.4228932259547,17.7,12.046666666666624,105.56666666666668,712.428888888889,12.0,0.0038148148148148,0.011074074074074,0.0439629629629629,0.4370370370370371,48.2962962962963,23.416666666666668,7.434842249657064e-07,9.772290809327844e-06,9.517146776406034e-06,0.0097393689986282,128.7270233196159,22.40972222222221
2018,3,경북,81.1803536086555,86.0,283.11092304322904,24.23333333333333,10.275555555555506,186.8,2081.6466666666674,51.0,0.0034074074074074,0.0097307692307692,0.0285555555555555,0.3555555555555556,26.03703703703704,15.0,4.636488340192044e-07,6.735207100591716e-06,1.0469135802469138e-05,0.0106172839506172,24.40603566529492,20.0
2018,4,경북,70.31448153116658,74.0,573.5522928061121,7.099999999999999,22.94000000000001,88.96666666666665,5175.795555555556,,0.0036538461538461,0.0183461538461538,0.0192692307692307,0.5307692307692308,48.0,27.384615384615383,1.226331360946746e-06,2.7995562130177515e-05,2.08121301775148e-05,0.0228994082840236,216.23076923076923,51.62130177514793
2019,1,경북,57.245364838558096,56.0,562.9385601231206,3.6666666666666665,8.542222222222222,25.76666666666667,107.5822222222221,11.0,0.0038064516129032,0.0173870967741935,0.0311935483870967,0.4999999999999999,56.10714285714285,33.285714285714285,1.4464099895941724e-06,1.4366285119667016e-05,6.822060353798126e-05,0.016774193548387,114.3813775510204,32.775510204081634
2019,2,경북,65.81222834729142,69.0,626.2906759031728,17.166666666666668,15.135555555555584,92.90000000000002,2335.6466666666643,40.0,0.0037142857142857,0.0120857142857142,0.0465142857142857,0.3457142857142857,38.21875,17.78125,4.03265306122449e-06,1.3164081632653062e-05,4.162122448979592e-05,0.0041959183673469,67.4833984375,12.6083984375
2019,3,경북,83.59284215316933,88.0,228.12512695449016,23.766666666666666,3.4955555555555584,159.23333333333332,587.7622222222303,30.0,0.0030555555555555,0.0083611111111111,0.0299444444444444,0.3249999999999999,24.87878787878788,13.787878787878787,9.41358024691358e-07,5.3418209876543205e-06,1.2052469135802469e-05,0.0052083333333333,19.62167125803489,7.0156106519742885
2019,4,경북,72.72906677185154,76.0,470.987413254016,8.700000000000001,26.92666666666667,104.7,8796.660000000002,,0.003675,0.014051282051282,0.02275,0.4525,34.054054054054056,18.61111111111111,3.969375e-06,2.3689677843524e-05,2.04375e-05,0.0179937499999999,65.24032140248356,33.12654320987654
2020,1,경북,65.53426862680298,66.0,533.2383807754541,4.733333333333333,5.095555555555557,60.96666666666667,809.2022222222214,9.0,0.0038275862068965,0.0124406779661016,0.0311355932203389,0.4610169491525424,32.85964912280702,20.363636363636363,3.384066587395956e-06,1.824648089629417e-05,4.337144498707268e-05,0.0183108302212008,38.64696829793783,22.26776859504133
2020,2,경북,66.43567039344542,68.0,571.9104293217312,17.066666666666666,22.56888888888888,87.66666666666667,1982.602222222222,41.0,0.003391304347826,0.0080579710144927,0.0460434782608695,0.355072463768116,32.68115942028985,15.92753623188406,1.3106490233144297e-06,7.329972694812012e-06,1.5693761814744806e-05,0.0068220961982776,27.75341314849821,10.762864944339425
2020,3,경북,84.95627044364699,90.0,207.4457725869912,22.566666666666663,7.775555555555608,286.83333333333337,9328.308888888869,27.0,0.0028985507246376,0.0067101449275362,0.0297246376811594,0.3057971014492753,19.33333333333333,11.18840579710145,5.549254358328083e-07,5.9449695442134e-06,2.3996639361478683e-05,0.0043142197017433,19.70048309178744,12.239865574459143
2020,4,경북,64.21457989315202,64.0,522.0975309675702,7.399999999999999,29.540000000000006,19.433333333333334,193.3955555555557,,0.0035362318840579,0.0126811594202898,0.0262898550724637,0.4231884057971014,32.98550724637681,20.05797101449276,5.176223482461668e-06,2.0738920394875027e-05,3.9365259399285865e-05,0.0122159210249947,43.0287754673388,33.01113211510187
2021,1,경북,60.037728930659824,60.0,551.5148888855974,3.5666666666666664,15.695555555555558,44.333333333333336,1403.615555555555,13.0,0.0036666666666666,0.0118405797101449,0.0325072463768115,0.4521739130434782,42.82608695652174,20.95652173913044,3.294685990338164e-06,1.711951270741441e-05,5.398907792480572e-05,0.012930056710775,86.49149338374289,21.809703843730308
2021,2,경북,69.41430293982545,73.0,529.5706644607505,16.666666666666668,12.435555555555563,90.76666666666668,978.602222222222,51.0,0.0028840579710144,0.0077246376811594,0.0441449275362318,0.3478260869565218,37.289855072463766,16.797101449275363,8.851081705524049e-07,1.0025624868725054e-05,2.499348876286494e-05,0.0068431001890359,51.53917244276413,12.53854232304138
2021,3,경북,84.45547586282319,89.0,207.56347836727693,23.3,4.160000000000002,214.6,3434.106666666669,5.0,0.0026521739130434,0.0061014492753623,0.0303333333333333,0.3217391304347826,19.7536231884058,10.333333333333334,6.326402016383112e-07,5.946229783658894e-06,2.82512077294686e-05,0.0074984247006931,19.83784919134635,8.019323671497585
2021,4,경북,70.57163229774538,73.0,516.4042263255894,8.233333333333333,26.46888888888889,47.6,993.0866666666656,,0.0028115942028985,0.0113333333333333,0.025231884057971,0.4057971014492753,30.30434782608696,17.405797101449274,5.87691661415669e-07,1.958454106280193e-05,2.7279563116992226e-05,0.0130098718756563,53.28418399495905,24.762864944339423
2022,1,경북,54.982173318924325,54.0,528.7432829425412,2.433333333333333,13.92888888888889,28.96666666666667,991.6688888888888,144.0,0.0032028985507246,0.0119130434782608,0.0331014492753623,0.4391304347826086,36.36231884057971,21.797101449275363,1.118252467968914e-06,1.5267800882167613e-05,4.707666456626759e-05,0.0116572148708254,38.3469859273262,18.68346985927326
2022,2,경북,62.882097148351015,65.0,565.7534222963519,18.2,11.780000000000047,50.13333333333333,1683.9355555555553,72.0,0.0026231884057971,0.0072028985507246,0.046159420289855,0.3115942028985507,29.68115942028985,14.848484848484848,4.9569418189456e-07,6.219701743331232e-06,5.1786179374081074e-05,0.0082713715605965,38.99978996009242,5.098255280073462
2022,3,경북,82.5430192605286,87.0,242.34913247065492,23.6,5.8400000000001455,161.60000000000002,1616.0599999999977,24.0,0.0023188405797101,0.0060144927536231,0.0296086956521739,0.2608695652173912,18.44927536231884,10.031746031746032,4.2007981516488137e-07,4.70993488762865e-06,1.913673597983617e-05,0.00586011342155,13.66771686620458,8.665658856135044
2022,4,경북,68.12711158307467,70.0,509.8338412881642,7.333333333333333,37.66222222222223,55.23333333333333,845.4755555555554,,0.0026811594202898,0.0114347826086956,0.0252463768115942,0.3536231884057971,30.08695652173913,17.82089552238806,1.2896450325561855e-06,2.0825456836798992e-05,2.4388573829027515e-05,0.0111825246796891,73.1518588531821,35.43060815326354
2018,1,서울,55.42754729324538,53.0,399.1678593622855,0.8333333333333334,27.362222222222226,29.2,280.24666666666667,5.0,0.0053333333333333,0.034,0.0193333333333333,0.6,52.333333333333336,32.0,2.222222222222223e-07,6.666666666666679e-07,2.488888888888888e-05,0.0,0.2222222222222222,2.6666666666666665
2018,2,서울,65.2673393204934,65.0,467.8629828088718,18.1,17.00666666666666,174.6,1406.286666666675,1.0,0.004,0.0266666666666666,0.0333333333333333,0.4333333333333333,43.66666666666666,24.33333333333333,0.0,9.555555555555551e-06,2.8888888888888945e-06,0.0022222222222222,38.88888888888889,1.5555555555555556
2018,3,서울,71.71894012167787,72.0,304.20874172919633,26.03333333333333,10.442222222222377,152.23333333333332,3553.8022222222226,0.0,0.0036666666666666,0.0183333333333333,0.027,0.4000000000000001,22.0,13.333333333333334,2.222222222222223e-07,8.888888888888875e-07,5.999999999999997e-06,3.0814879110195774e-33,2.6666666666666665,6.222222222222221
2018,4,서울,60.07761446836411,58.0,462.5072944101679,6.766666666666666,31.815555555555576,72.0,1831.339999999999,,0.0046666666666666,0.034,0.0136666666666666,0.6,41.0,22.33333333333333,2.222222222222223e-07,2.0666666666666663e-05,9.555555555555551e-06,0.0066666666666666,98.0,29.55555555555556
2019,1,서울,52.13898383639418,50.0,427.6590815895536,2.4,11.646666666666668,16.866666666666667,143.7422222222222,0.0,0.005,0.0363333333333333,0.0193333333333333,0.7000000000000001,64.0,39.333333333333336,0.0,4.222222222222219e-06,4.355555555555556e-05,0.0066666666666666,26.0,17.555555555555557
2019,2,서울,57.97260825780463,57.0,480.7343017512065,18.0,19.00666666666666,53.03333333333333,234.8422222222224,5.0,0.0043333333333333,0.0256666666666666,0.037,0.4666666666666666,40.66666666666666,23.33333333333333,2.222222222222223e-07,1.6222222222222223e-05,3.4666666666666644e-05,0.0022222222222222,88.22222222222221,16.222222222222218
2019,3,서울,74.5559820124309,76.0,313.896506449264,25.23333333333333,3.748888888888885,174.9,618.5399999999985,2.0,0.0036666666666666,0.019,0.0283333333333333,0.4000000000000001,24.0,15.666666666666666,2.222222222222223e-07,2.000000000000004e-06,9.555555555555551e-06,3.0814879110195774e-33,4.666666666666667,8.222222222222221
2019,4,서울,65.67236823412416,65.0,393.3062191881482,8.466666666666667,37.87555555555554,52.3,531.5266666666664,,0.0036666666666666,0.0313333333333333,0.015,0.6,37.66666666666666,21.0,2.222222222222223e-07,2.022222222222223e-05,1.8666666666666672e-05,0.0066666666666666,22.88888888888889,28.666666666666668
2020,1,서울,59.395398148944096,59.0,420.0112585518575,3.9333333333333336,7.228888888888889,43.3,373.6266666666666,0.0,0.0033333333333333,0.031,0.0196666666666666,0.6,42.66666666666666,27.33333333333333,2.222222222222223e-07,8.666666666666671e-06,2.955555555555556e-05,0.0066666666666666,2.888888888888889,2.8888888888888893
2020,2,서울,62.679841554386165,62.0,506.9723257346166,17.666666666666668,27.362222222222144,89.63333333333333,2768.3755555555576,0.0,0.003,0.02,0.038,0.4000000000000001,38.333333333333336,20.33333333333333,1.88079096131566e-37,6.666666666666679e-07,1.866666666666665e-05,3.0814879110195774e-33,16.222222222222225,0.8888888888888888
2020,3,서울,78.57444682369736,82.0,285.7648506711743,24.0,4.3400000000000025,375.8666666666666,46267.2155555556,0.0,0.0026666666666666,0.0153333333333333,0.026,0.3666666666666667,21.0,12.666666666666666,2.222222222222223e-07,8.88888888888889e-07,2.6000000000000005e-05,0.0022222222222222,2.6666666666666665,1.5555555555555556
2020,4,서울,59.23962861589653,58.0,391.4343248748167,7.333333333333333,35.74888888888889,41.56666666666666,3087.268888888889,,0.0033333333333333,0.0289999999999999,0.0169999999999999,0.5666666666666668,39.0,22.666666666666668,2.222222222222223e-07,8.666666666666663e-06,1.2666666666666663e-05,0.0022222222222222,18.0,17.555555555555554
2021,1,서울,56.83432823615995,54.0,452.0157838690339,3.1,21.739999999999995,45.63333333333333,2153.075555555556,0.0,0.0033333333333333,0.031,0.0206666666666666,0.5666666666666667,51.0,27.33333333333333,2.222222222222223e-07,6.666666666666679e-07,1.755555555555556e-05,0.0022222222222222,144.66666666666666,21.55555555555556
2021,2,서울,64.01767634854772,65.0,491.804633732974,18.03333333333333,12.762222222222237,137.26666666666665,1113.7222222222254,0.0,0.003,0.0196666666666666,0.038,0.4000000000000001,45.333333333333336,19.33333333333333,1.88079096131566e-37,2.888888888888889e-06,4.666666666666675e-06,3.0814879110195774e-33,136.2222222222222,0.2222222222222222
2021,3,서울,71.96262558284863,71.0,273.05902854900444,25.53333333333333,5.108888888888888,170.16666666666666,1073.748888888888,0.0,0.003,0.015,0.0343333333333333,0.3666666666666667,20.33333333333333,11.666666666666666,1.88079096131566e-37,6.666666666666668e-07,8.22222222222222e-06,0.0022222222222222,14.888888888888893,11.555555555555555
2021,4,서울,63.98916462775254,64.0,396.47892136876817,8.133333333333333,37.50222222222222,42.43333333333334,601.1355555555555,,0.003,0.0279999999999999,0.018,0.5333333333333333,37.0,20.666666666666668,1.88079096131566e-37,1.8000000000000004e-05,1.0666666666666662e-05,0.0088888888888888,56.0,30.88888888888889
2022,1,서울,53.80927596321373,51.0,366.37088391623377,1.4666666666666668,19.628888888888888,37.6,2112.606666666666,0.0,0.0033333333333333,0.0279999999999999,0.0233333333333333,0.5333333333333333,41.333333333333336,25.33333333333333,2.222222222222223e-07,8.000000000000005e-06,2.7555555555555555e-05,0.0022222222222222,1.5555555555555554,10.888888888888893
2022,2,서울,58.90755731051881,58.0,462.7141638844009,19.066666666666663,12.042222222222286,140.56666666666666,32091.29555555556,20.0,0.0026666666666666,0.016,0.0426666666666666,0.3666666666666667,33.333333333333336,17.0,2.222222222222223e-07,8.666666666666668e-06,2.8222222222222244e-05,0.0022222222222222,88.22222222222221,16.666666666666668
2022,3,서울,74.53187774808173,76.0,280.0339660051856,25.133333333333336,4.162222222222225,339.5333333333333,25802.642222222214,0.0,0.003,0.0143333333333333,0.0326666666666666,0.3333333333333333,22.33333333333333,12.666666666666666,1.88079096131566e-37,1.5555555555555562e-06,9.555555555555551e-06,0.0022222222222222,4.222222222222222,5.5555555555555545
2022,4,서울,61.80052527181898,61.0,389.4903393203891,7.266666666666667,54.19555555555553,74.06666666666666,2089.468888888889,,0.003,0.0253333333333333,0.0186666666666666,0.4666666666666666,34.0,18.33333333333333,1.88079096131566e-37,1.4222222222222224e-05,1.088888888888889e-05,0.0022222222222222,40.66666666666666,10.888888888888888
2018,1,전남,71.22639034911826,73.0,413.43174056772136,3.4,13.38,74.43333333333334,3034.54888888889,0.0,0.0042916666666666,0.0148333333333333,0.0296666666666666,0.4708333333333334,40.91666666666666,26.416666666666668,1.9565972222222224e-06,1.0555555555555555e-05,2.522222222222221e-05,0.0153993055555555,12.493055555555555,10.909722222222223
2018,2,전남,78.41696972305309,84.0,386.8230248797925,17.7,12.046666666666624,156.1,2381.6266666666684,15.0,0.0045,0.0102307692307692,0.0391153846153846,0.3846153846153847,40.57692307692308,22.03846153846154,3.01923076923077e-06,1.040828402366864e-05,2.6563609467455626e-05,0.0051479289940828,52.62869822485207,10.575443786982248
2018,3,전남,82.39246613274261,85.0,224.1771151876277,25.3,7.739999999999782,176.03333333333333,3809.042222222216,0.0,0.0042222222222222,0.008,0.0254814814814814,0.3962962962962963,24.11111111111111,14.037037037037036,2.024691358024692e-06,3.629629629629629e-06,2.365706447187929e-05,0.0062825788751714,14.395061728395062,9.22085048010974
2018,4,전남,72.84991292642016,73.0,382.2617745762767,9.466666666666669,19.895555555555525,88.73333333333333,4694.802222222224,,0.0043103448275862,0.0156551724137931,0.0226551724137931,0.4965517241379309,39.27586206896552,23.17241379310345,2.9726516052318664e-06,1.3329369797859691e-05,2.2501783590963143e-05,0.0092984542211652,73.23424494649227,42.34958382877527
2019,1,전남,66.82560080463952,67.0,391.2492212195428,4.766666666666667,5.882222222222225,34.53333333333333,274.93555555555577,0.0,0.003953488372093,0.0128837209302325,0.0339302325581395,0.5302325581395348,47.906976744186046,29.837209302325583,2.18388318009735e-06,1.1405083829096808e-05,7.699513250405623e-05,0.0090859924283396,52.45646295294754,36.60140616549487
2019,2,전남,75.24109731469818,80.0,441.7101094442263,17.033333333333335,13.668888888888889,147.16666666666666,3172.895555555556,6.0,0.0037090909090909,0.008890909090909,0.044290909090909,0.4745454545454545,36.127272727272725,19.945454545454545,1.624462809917355e-06,1.0315371900826445e-05,6.711537190082644e-05,0.0109884297520661,39.747438016528925,14.015206611570251
2019,3,전남,86.76578747263017,91.0,167.78436819057632,24.23333333333333,2.4088888888888893,214.66666666666663,4666.535555555556,18.0,0.0033870967741935,0.0061129032258064,0.030258064516129,0.4016129032258064,24.258064516129032,14.064516129032258,1.0437044745057235e-06,4.390478668054111e-06,3.409469302809573e-05,0.0088683662851196,22.77211238293444,10.834547346514045
2019,4,전남,74.58423951544347,75.0,314.92646248894937,10.766666666666666,23.602222222222256,86.7,6759.406666666666,,0.0033484848484848,0.0107272727272727,0.0256666666666666,0.4424242424242424,31.33333333333333,16.606060606060606,8.331037649219467e-07,1.3228650137741048e-05,3.285858585858586e-05,0.0100183654729109,32.16161616161616,13.60238751147842
2020,1,전남,72.0178327064919,73.0,372.57159007343273,6.033333333333334,2.595555555555551,53.7,359.126666666667,3.0,0.0030151515151515,0.0104848484848484,0.0312424242424242,0.4409090909090908,33.13636363636363,19.439393939393938,5.906795224977042e-07,9.704315886134067e-06,4.8516988062442615e-05,0.0139325068870523,24.9965564738292,17.246326905417813
2020,2,전남,76.28777103058758,82.0,450.188155082069,16.733333333333334,21.442222222222224,181.5,9851.280000000002,14.0,0.0028787878787878,0.0069090909090909,0.0419393939393939,0.3909090909090909,30.53030303030303,15.636363636363637,5.913682277318641e-07,5.415977961432506e-06,5.4541781450872366e-05,0.0093112947658402,36.12786960514234,8.47382920110193
2020,3,전남,88.06050251425872,92.0,160.10333130675266,23.73333333333333,6.335555555555503,284.56666666666666,5110.762222222208,0.0,0.0026969696969696,0.005590909090909,0.0284393939393939,0.393939393939394,22.01515151515152,12.606060606060606,5.748393021120295e-07,4.544765840220385e-06,6.673117539026631e-05,0.0151147842056932,35.13613406795224,16.269054178145087
2020,4,전남,69.78176447907346,69.0,371.79312195061146,9.8,26.64666666666669,18.9,8.819999999999911,,0.0027121212121212,0.0108636363636363,0.0281818181818181,0.4,29.46969696969697,16.272727272727273,6.595500459136823e-07,1.0723829201101932e-05,7.15426997245179e-05,0.0118181818181818,20.06726354453627,14.652892561983473
2021,1,전남,72.07044683674974,74.0,382.70163436481386,5.666666666666667,10.468888888888898,67.83333333333333,2433.7088888888884,2.0,0.0028095238095238,0.011090909090909,0.0322575757575757,0.4375,45.81818181818182,19.75757575757576,4.716553287981862e-07,8.931129476584022e-06,6.679729109274564e-05,0.0076562499999999,281.05785123966945,21.45638200183655
2021,2,전남,73.11228149465673,76.0,433.76919200281225,17.8,12.086666666666687,99.93333333333334,553.4422222222233,7.0,0.0026461538461538,0.0069696969696969,0.0447878787878787,0.3863636363636363,37.0,15.833333333333334,5.671005917159763e-07,5.786960514233241e-06,5.431864095500458e-05,0.0117837465564738,93.84848484848484,12.199494949494948
2021,3,전남,84.31871359073412,87.0,165.6903283455515,24.96666666666667,2.815555555555554,265.7,13952.926666666664,4.0,0.0026969696969696,0.0051666666666666,0.0308181818181818,0.3523076923076922,19.5,9.818181818181818,2.718089990817264e-07,3.078282828282828e-06,2.996694214876033e-05,0.0098792899408284,14.31060606060606,5.360881542699724
2021,4,전남,73.20514085101136,73.0,327.27788217509527,10.533333333333331,26.90888888888891,30.666666666666668,425.9755555555556,,0.002476923076923,0.0098787878787878,0.0280757575757575,0.3712121212121212,30.303030303030305,16.62121212121212,4.648520710059172e-07,1.0742883379247012e-05,3.45548668503214e-05,0.0075045913682277,29.241505968778696,15.174701561065197
2022,1,전남,64.90734176544248,65.0,374.8275304749865,4.2,10.126666666666662,42.66666666666666,3315.8288888888887,164.0,0.002560606060606,0.0096666666666666,0.035060606060606,0.3893939393939393,33.86363636363637,19.73846153846154,3.978420569329661e-07,7.767676767676766e-06,3.9087235996326905e-05,0.0097359963269054,22.54201101928375,17.362366863905326
2022,2,전남,71.85342552101801,76.0,434.0512617970524,18.03333333333333,12.068888888888877,59.16666666666666,1591.1488888888894,15.0,0.0026969696969696,0.0062121212121212,0.0433484848484848,0.3227272727272727,27.424242424242426,13.787878787878787,3.627180899908173e-07,4.773186409550046e-06,4.6348255280073465e-05,0.0056955922865013,36.3048668503214,6.924701561065197
2022,3,전남,82.78588188016904,85.0,184.00752907262228,24.933333333333334,3.735555555555558,165.13333333333333,1030.1488888888916,11.0,0.0026818181818181,0.0047575757575757,0.0312575757575757,0.3272727272727272,19.57575757575757,10.136363636363637,2.775482093663912e-07,2.547291092745638e-06,3.203971533516988e-05,0.006831955922865,7.910927456382002,5.663223140495867
2022,4,전남,70.35677967657263,71.0,361.1024059587813,9.666666666666666,32.05555555555556,31.933333333333334,252.0622222222224,,0.0024923076923076,0.0095230769230769,0.0283999999999999,0.3553846153846153,27.41538461538461,14.692307692307692,3.730177514792899e-07,1.0711005917159764e-05,3.15323076923077e-05,0.0086248520710059,27.196686390532545,17.720710059171598
2018,1,전북,72.65191282170183,76.0,444.3440647172948,1.7,20.326666666666668,54.70000000000001,960.2599999999992,0.0,0.0036785714285714,0.0168571428571428,0.0319285714285714,0.5928571428571427,58.35714285714285,31.678571428571427,1.0752551020408165e-06,7.408163265306122e-06,5.178061224489796e-05,0.0128061224489795,62.15816326530613,13.932397959183673
2018,2,전북,77.70906905796431,84.0,439.5667774817218,17.666666666666668,13.828888888888892,133.83333333333334,731.9088888888914,6.0,0.0034,0.0112,0.0453,0.4533333333333334,47.1,24.03333333333333,1.5733333333333337e-06,5.493333333333332e-06,3.5076666666666656e-05,0.0118222222222222,117.22333333333334,22.16555555555556
2018,3,전북,82.67451737451738,88.0,265.77806692167,24.933333333333334,9.868888888888856,220.06666666666663,13665.3888888889,14.0,0.0030882352941176,0.0076875,0.0294411764705882,0.3735294117647059,22.852941176470587,12.588235294117649,4.922145328719723e-07,4.08984375e-06,2.183477508650519e-05,0.008416955017301,24.06660899653979,6.830449826989619
2018,4,전북,76.23818620093692,81.0,415.5897309196868,7.166666666666667,21.802222222222227,69.83333333333333,2124.748888888891,,0.0034615384615384,0.0148717948717948,0.0222051282051282,0.4974358974358975,46.51282051282051,27.487179487179485,7.10059171597633e-07,2.0983563445101904e-05,2.852202498356345e-05,0.0146088099934253,177.6344510190664,77.68573307034846
2019,1,전북,70.23913144341854,72.0,446.0324563990544,2.6666666666666665,8.868888888888888,26.53333333333333,92.11555555555556,0.0,0.003547619047619,0.0144523809523809,0.0313809523809523,0.5333333333333333,61.47619047619048,40.21428571428572,7.715419501133789e-07,1.472392290249433e-05,8.237868480725623e-05,0.0055555555555555,45.725623582766445,30.7874149659864
2019,2,전북,74.75815989731365,81.0,512.2769694243601,16.7,15.446666666666614,86.73333333333333,453.0822222222228,23.0,0.0030714285714285,0.01,0.0469761904761904,0.3666666666666667,42.40476190476191,23.142857142857142,1.2568027210884355e-06,1.1904761904761902e-05,5.1118480725623575e-05,0.0046031746031746,57.526643990929706,12.360544217687076
2019,3,전북,86.7106062285271,92.0,193.09424291616017,24.1,3.119999999999999,201.76666666666668,1468.382222222216,0.0,0.0027857142857142,0.0069523809523809,0.0304523809523809,0.3261904761904762,25.928571428571427,15.142857142857142,1.0255102040816327e-06,7.807256235827663e-06,2.162868480725624e-05,0.0057426303854875,23.447278911564627,11.50340136054422
2019,4,전북,76.96553608368136,79.0,332.44560287121215,9.0,26.086666666666687,67.66666666666667,1446.8955555555551,,0.0027857142857142,0.0130714285714285,0.0241190476190476,0.4119047619047619,35.904761904761905,21.357142857142858,5.493197278911564e-07,2.1066326530612243e-05,2.362868480725624e-05,0.0091439909297052,54.94331065759637,27.562925170068027
2020,1,전북,74.30091174648136,77.0,410.505778681486,4.4,4.286666666666668,55.96666666666667,248.48222222222185,3.0,0.0028809523809523,0.0128333333333333,0.0289761904761904,0.4309523809523809,37.31707317073171,24.904761904761905,4.382086167800453e-07,1.48531746031746e-05,6.878514739229025e-05,0.0045181405895691,33.87507436049971,24.89569160997732
2020,2,전북,75.81903011452,82.0,463.5917301728908,16.633333333333336,27.348888888888823,99.46666666666664,3157.055555555559,3.0,0.0026190476190476,0.0084285714285714,0.0450238095238095,0.3452380952380953,36.26190476190476,20.59523809523809,4.263038548752834e-07,6.9591836734693865e-06,2.597562358276644e-05,0.0058106575963718,20.764739229024944,10.6218820861678
2020,3,전북,87.00593616872686,92.0,170.10859854565925,23.33333333333333,7.40222222222221,424.26666666666665,24895.7088888889,0.0,0.0025,0.0064761904761904,0.0293809523809523,0.2928571428571428,20.547619047619047,13.61904761904762,3.452380952380953e-07,5.439909297052153e-06,3.290249433106576e-05,0.0063775510204081,11.676303854875286,5.09297052154195
2020,4,전북,71.64661540273595,73.0,383.1570960236961,7.633333333333333,29.06888888888889,27.766666666666666,454.8355555555554,,0.0027619047619047,0.013595238095238,0.025095238095238,0.3928571428571428,33.8,21.025,7.528344671201815e-07,1.7431405895691606e-05,2.2371882086167804e-05,0.0039965986394557,33.21,16.974375
2021,1,전북,71.70109497820341,74.0,413.580370207507,3.8,13.846666666666664,52.76666666666667,932.975555555555,1.0,0.0028333333333333,0.0134285714285714,0.0310952380952381,0.4214285714285713,49.90476190476191,25.214285714285715,8.531746031746032e-07,1.1816326530612243e-05,3.741950113378684e-05,0.0031122448979591,277.84807256235825,23.454081632653065
2021,2,전북,72.10465136039971,76.0,471.5351884185218,17.433333333333334,13.40222222222226,90.59999999999998,1361.2066666666683,0.0,0.0026666666666666,0.0082857142857142,0.0456190476190476,0.330952380952381,42.642857142857146,19.571428571428573,5.07936507936508e-07,6.299319727891157e-06,1.4759637188208618e-05,0.0026133786848072,89.56292517006803,11.578231292517009
2021,3,전북,82.82845501803025,87.0,210.7209699365128,24.399999999999995,3.3266666666666693,235.0,7548.740000000016,0.0,0.0025,0.006047619047619,0.0306904761904761,0.2904761904761905,19.357142857142858,10.071428571428571,6.30952380952381e-07,4.188208616780044e-06,9.30895691609978e-06,0.001814058956916,5.229591836734694,7.35204081632653
2021,4,전북,75.72259151067128,78.0,343.5255621996888,8.566666666666666,28.20222222222221,47.03333333333333,868.2022222222222,,0.0025,0.0120238095238095,0.0266190476190476,0.3690476190476191,34.166666666666664,19.214285714285715,2.976190476190476e-07,1.5451814058956917e-05,1.452154195011338e-05,0.0035657596371882,37.99603174603175,27.501700680272112
2022,1,전북,66.87082728592162,68.0,396.6074912012115,2.1333333333333333,14.44222222222222,31.03333333333333,1363.2155555555555,99.0,0.0028333333333333,0.0131428571428571,0.0329047619047619,0.4095238095238095,38.333333333333336,24.357142857142858,9.484126984126988e-07,1.3074829931972793e-05,4.54671201814059e-05,0.0041950113378684,23.31746031746032,21.1343537414966
2022,2,전북,70.05689888032066,74.0,470.6791813614527,17.900000000000002,14.80666666666664,80.66666666666667,5310.215555555555,0.0,0.0024523809523809,0.0073571428571428,0.0453571428571428,0.3047619047619047,30.857142857142858,16.023809523809526,3.905895691609977e-07,6.515306122448979e-06,3.208673469387755e-05,0.0052154195011337,63.36054421768708,14.35657596371882
2022,3,전북,82.01856929743553,85.0,210.0252149626087,24.366666666666664,4.442222222222228,136.83333333333334,1767.108888888887,27.0,0.0023095238095238,0.0051666666666666,0.0303809523809523,0.269047619047619,20.714285714285715,11.88095238095238,2.613378684807257e-07,2.7579365079365074e-06,2.2759637188208613e-05,0.0030895691609977,18.965986394557824,11.676303854875284
2022,4,전북,73.319893463293,76.0,384.2487611475362,7.366666666666667,39.77555555555556,55.13333333333333,186.0688888888884,,0.0021666666666666,0.0111190476190476,0.0262619047619047,0.3166666666666666,34.976190476190474,21.38095238095238,1.388888888888889e-07,1.5485827664399092e-05,1.528854875283447e-05,0.0061507936507936,57.11848072562358,25.18820861678004
2018,1,제주,71.88534426331702,74.0,391.2247717251652,7.2,8.059999999999983,93.36666666666667,985.3355555555544,0.0,0.0023333333333333,0.0115,0.0378333333333333,0.35,39.16666666666666,21.83333333333333,5.555555555555555e-07,1.4916666666666667e-05,1.8472222222222213e-05,0.0025,17.805555555555554,3.805555555555556
2018,2,제주,78.6732102865086,85.0,430.6190501551024,18.53333333333333,6.415555555555581,231.4333333333333,744.882222222229,0.0,0.0029999999999999,0.0088333333333333,0.0433333333333333,0.25,42.0,21.83333333333333,1.88079096131566e-37,6.13888888888889e-06,7.555555555555554e-06,0.0024999999999999,94.33333333333331,5.138888888888889
2018,3,제주,84.59428121477868,87.0,171.5081602297732,26.066666666666663,3.575555555555556,186.9,14694.179999999991,0.0,0.0028333333333333,0.0061666666666666,0.0311666666666666,0.1666666666666666,26.0,14.166666666666666,4.722222222222222e-07,2.138888888888888e-06,9.280555555555556e-05,0.0022222222222222,4.333333333333333,2.805555555555556
2018,4,제주,71.38298186108244,72.0,343.31351238136074,13.4,12.740000000000007,107.43333333333334,5930.195555555553,,0.0023333333333333,0.0106666666666666,0.0424999999999999,0.25,33.0,18.666666666666668,2.222222222222223e-07,1.022222222222222e-05,2.091666666666666e-05,0.0058333333333333,24.33333333333333,12.555555555555552
2019,1,제주,67.29915283059704,68.0,390.0238400490858,8.333333333333334,3.0022222222222203,47.23333333333333,506.095555555556,0.0,0.0023333333333333,0.0119999999999999,0.0451666666666666,0.3833333333333333,43.0,25.33333333333333,2.222222222222223e-07,1.2000000000000002e-05,4.1472222222222224e-05,0.0080555555555555,59.333333333333336,20.88888888888889
2019,2,제주,71.43514252481155,76.0,517.6707647425947,18.266666666666666,8.142222222222294,146.96666666666667,2791.802222222229,1.0,0.0028333333333333,0.0101666666666666,0.0541666666666666,0.2833333333333333,37.833333333333336,19.666666666666668,8.055555555555555e-07,1.1138888888888889e-05,4.380555555555556e-05,0.0013888888888888,39.138888888888886,5.555555555555556
2019,3,제주,86.70095731892769,90.0,149.39668288852675,25.133333333333336,1.9755555555555595,412.26666666666665,6036.695555555557,0.0,0.002,0.0073333333333333,0.0381666666666666,0.2166666666666666,27.0,15.666666666666666,6.666666666666666e-07,7.555555555555554e-06,5.805555555555552e-06,0.0047222222222222,7.333333333333333,9.888888888888888
2019,4,제주,72.89086859688196,74.0,324.93782104642247,14.699999999999998,16.00666666666671,94.36666666666667,3716.562222222221,,0.0018333333333333,0.0096666666666666,0.0395,0.2833333333333334,34.5,15.5,1.388888888888889e-07,1.0555555555555554e-05,1.291666666666666e-05,0.0047222222222222,28.916666666666668,1.5833333333333333
2020,1,제주,71.63743568992427,73.0,380.8239899788832,9.666666666666666,1.3488888888888877,87.36666666666667,221.2022222222214,0.0,0.0015,0.01,0.0398333333333333,0.3666666666666667,34.333333333333336,18.33333333333333,2.5e-07,9.666666666666668e-06,1.647222222222222e-05,0.0055555555555555,11.888888888888893,4.888888888888889
2020,2,제주,74.69286011806443,79.0,461.97009739399454,17.766666666666666,13.642222222222244,177.46666666666667,9993.028888888895,21.0,0.0015,0.0086666666666666,0.0456666666666666,0.3166666666666667,35.333333333333336,17.0,2.5e-07,7.555555555555554e-06,3.455555555555556e-05,0.0047222222222222,37.88888888888889,7.0
2020,3,제주,86.85439023027051,90.0,161.92222114367866,24.73333333333333,5.868888888888891,270.5,5815.686666666659,0.0,0.0013333333333333,0.0068333333333333,0.0335,0.2166666666666666,24.83333333333333,12.166666666666666,2.222222222222223e-07,5.1388888888888895e-06,9.624999999999998e-05,0.0013888888888888,18.47222222222222,5.472222222222222
2020,4,제주,69.29018656819247,70.0,376.8027871367294,13.333333333333334,19.10222222222218,33.4,109.57999999999991,,0.0015,0.0096666666666666,0.0385,0.3,28.5,14.166666666666666,2.5e-07,8.888888888888888e-06,2.524999999999999e-05,0.0033333333333333,13.583333333333334,1.805555555555556
2021,1,제주,70.6754536987384,72.0,422.65895322058094,9.5,5.626666666666665,93.23333333333336,1276.3355555555545,0.0,0.0011666666666666,0.0084999999999999,0.0431666666666666,0.3,46.0,18.0,1.3888888888888888e-07,3.916666666666665e-06,1.5138888888888896e-05,0.0,347.6666666666667,17.666666666666668
2021,2,제주,73.44162903495568,78.0,487.1748580762735,18.933333333333334,9.182222222222258,139.29999999999998,663.0466666666713,0.0,0.0015,0.0076666666666666,0.0498333333333333,0.2833333333333333,34.333333333333336,14.333333333333334,2.5e-07,4.222222222222222e-06,1.0472222222222222e-05,0.0013888888888888,52.55555555555555,1.888888888888889
2021,3,제주,87.06464978625452,90.0,139.41428031017256,26.03333333333333,1.1822222222222212,327.7333333333333,14682.402222222196,0.0,0.0015,0.0053333333333333,0.0341666666666666,0.2166666666666666,18.83333333333333,7.833333333333333,2.5e-07,1.888888888888889e-06,2.380555555555556e-05,0.0013888888888888,3.4722222222222228,0.4722222222222221
2021,4,제주,72.02168099212618,73.0,329.5056623797234,14.199999999999998,20.986666666666757,42.96666666666667,211.93555555555537,,0.0013333333333333,0.0083333333333333,0.0428333333333333,0.3,29.33333333333333,14.166666666666666,2.222222222222223e-07,4.888888888888888e-06,1.1472222222222225e-05,0.0,27.222222222222225,7.472222222222222
2022,1,제주,69.45719724960234,70.0,391.07640679843337,7.733333333333333,7.228888888888883,56.06666666666666,1792.275555555555,139.0,0.0011666666666666,0.0084999999999999,0.0448333333333333,0.3,31.5,17.5,1.3888888888888888e-07,2.583333333333333e-06,1.6472222222222216e-05,0.0,46.583333333333336,2.9166666666666665
2022,2,제주,74.33702665144672,79.0,469.61007934818224,19.0,8.886666666666619,104.73333333333332,5437.202222222221,0.0,0.0013333333333333,0.0069999999999999,0.0463333333333333,0.2166666666666666,26.83333333333333,13.5,2.222222222222223e-07,4e-06,4.48888888888889e-05,0.0013888888888888,18.80555555555556,4.916666666666667
2022,3,제주,83.26776385512125,86.0,213.5642050701638,26.46666666666667,3.148888888888891,241.23333333333332,2323.342222222217,0.0,0.0011666666666666,0.0051666666666666,0.0361666666666666,0.25,22.166666666666668,10.833333333333334,1.3888888888888888e-07,1.4722222222222225e-06,1.2472222222222223e-05,0.0024999999999999,20.472222222222225,6.805555555555556
2022,4,제주,72.00864272221057,73.0,342.81798140673715,13.533333333333331,23.97555555555565,52.133333333333326,1304.4155555555562,,0.0011666666666666,0.0073333333333333,0.0401666666666666,0.2666666666666666,28.166666666666668,14.333333333333334,1.3888888888888888e-07,3.222222222222222e-06,9.805555555555556e-06,0.0022222222222222,13.138888888888888,9.555555555555555
2018,1,충남,69.73152204306086,71.0,384.3507537453139,0.9,21.02,19.4,707.2066666666664,0.0,0.0039512195121951,0.018,0.0258780487804878,0.5,48.48780487804878,27.634146341463413,1.0707911957168352e-06,2.697560975609756e-05,6.522903033908387e-05,0.0141463414634146,28.24985127900059,26.76859012492564
2018,2,충남,76.25799475452078,81.0,397.9822120516002,17.266666666666666,15.415555555555631,138.7,222.3488888888872,17.0,0.0034444444444444,0.0098444444444444,0.0429333333333333,0.3466666666666667,41.55555555555556,19.933333333333334,1.1358024691358024e-06,1.6931358024691363e-05,2.1217777777777778e-05,0.0087111111111111,55.935802469135794,9.528888888888888
2018,3,충남,79.80517977120029,83.0,257.03377273808223,24.8,10.686666666666495,211.0,3779.946666666662,3.0,0.0034444444444444,0.0084666666666666,0.0305333333333333,0.3955555555555554,22.288888888888888,11.866666666666667,1.1358024691358024e-06,6.693333333333333e-06,2.287111111111112e-05,0.0093135802469135,6.29432098765432,4.293333333333333
2018,4,충남,70.94975656388253,71.0,385.9607036423826,6.400000000000001,24.17999999999999,147.2,2532.5599999999995,,0.0036666666666666,0.019,0.0207111111111111,0.58,43.4,24.42222222222222,1.155555555555556e-06,3.1244444444444444e-05,2.980543209876544e-05,0.0140444444444444,156.72888888888892,84.6883950617284
2019,1,충남,67.32948998299207,68.0,400.3336278035808,1.9666666666666668,9.562222222222225,1.8,187.64666666666676,2.0,0.0045333333333333,0.0186666666666666,0.0281555555555555,0.6688888888888889,60.84444444444444,37.77777777777778,1.0933333333333334e-06,2.724444444444445e-05,6.470913580246914e-05,0.0101432098765432,76.13135802469135,61.150617283950616
2019,2,충남,72.61471640265712,77.0,463.8342646543847,16.5,16.50666666666666,62.2,282.37555555555605,3.0,0.0040222222222222,0.0112,0.0460222222222222,0.4755555555555555,41.51111111111111,23.33333333333333,1.7995061728395065e-06,1.3715555555555556e-05,5.686617283950616e-05,0.0058469135802469,94.560987654321,19.6
2019,3,충남,83.50641376375464,88.0,226.2115818920231,23.933333333333334,3.668888888888888,190.8,922.682222222227,6.0,0.0033333333333333,0.0081777777777777,0.0338444444444444,0.3999999999999999,25.95555555555556,15.6,1.2444444444444445e-06,6.857283950617283e-06,2.150913580246913e-05,0.0035555555555555,12.042469135802463,8.328888888888889
2019,4,충남,73.88035424178786,73.0,319.1148229601204,8.233333333333334,27.93555555555554,81.5,1081.1466666666663,,0.0032666666666666,0.0153777777777777,0.022,0.4666666666666667,40.66666666666666,23.8,7.288888888888888e-07,2.23683950617284e-05,2.302222222222223e-05,0.0071111111111111,39.73333333333333,30.38222222222221
2020,1,충남,70.9517848597952,72.0,366.5256401895304,3.8,4.886666666666666,64.8,575.602222222222,0.0,0.0033777777777777,0.0156666666666666,0.0262,0.4777777777777778,45.06666666666667,29.22222222222222,5.017283950617285e-07,1.5155555555555555e-05,4.767111111111112e-05,0.0061728395061728,22.106666666666666,21.683950617283948
2020,2,충남,74.5931308804406,79.0,445.4345767457546,16.599999999999998,25.946666666666665,19.9,3755.5355555555543,11.0,0.0031777777777777,0.0091333333333333,0.0425111111111111,0.3955555555555555,38.15555555555556,19.444444444444443,5.017283950617284e-07,5.67111111111111e-06,2.3094320987654323e-05,0.0053135802469135,34.798024691358016,8.824691358024694
2020,3,충남,86.180325367612,91.0,178.55233490328862,23.266666666666666,6.4422222222222745,417.7,9299.626666666682,10.0,0.0032,0.0075333333333333,0.0308666666666666,0.3644444444444445,22.95555555555556,12.555555555555555,2.933333333333333e-07,4.604444444444444e-06,3.3582222222222216e-05,0.0071802469135802,6.664691358024691,2.9580246913580246
2020,4,충남,69.87155382966387,70.0,373.824864847915,7.0,29.00666666666666,12.6,303.5355555555555,,0.0040666666666666,0.0157555555555555,0.0244444444444444,0.4888888888888889,39.91111111111111,23.8,1.9555555555555568e-07,1.4362469135802469e-05,3.1669135802469135e-05,0.005432098765432,28.525432098765425,20.071111111111108
2021,1,충남,70.67236835027701,72.0,404.5104386944096,3.0,16.026666666666667,26.6,1137.9199999999994,0.0,0.0041111111111111,0.0156444444444444,0.0308888888888888,0.4844444444444444,57.37777777777778,29.4,7.209876543209879e-07,1.3162469135802472e-05,6.205432098765433e-05,0.005758024691358,263.30172839506173,30.28444444444445
2021,2,충남,74.18495292268014,78.0,447.2844746837821,17.133333333333333,13.548888888888843,60.5,1145.0688888888883,8.0,0.00375,0.0096136363636363,0.0473636363636363,0.3727272727272728,47.29545454545455,20.59090909090909,3.6931818181818173e-07,7.418904958677685e-06,2.477685950413223e-05,0.0033471074380165,180.38997933884292,8.332644628099173
2021,3,충남,81.92073773565609,84.0,207.76342675310323,24.33333333333333,3.842222222222221,162.3,1323.3266666666605,6.0,0.0035777777777777,0.0077111111111111,0.0362222222222222,0.3733333333333333,20.844444444444445,11.488888888888887,3.328395061728395e-07,3.672098765432099e-06,2.097283950617284e-05,0.0041777777777777,19.50913580246913,7.849876543209877
2021,4,충남,74.19151039623382,75.0,324.45946279461987,8.066666666666666,29.92888888888889,44.6,1038.7622222222224,,0.0033555555555555,0.0143555555555555,0.0264222222222222,0.4399999999999999,38.15555555555556,21.77777777777778,6.735802469135803e-07,1.3518024691358025e-05,2.646617283950617e-05,0.0046222222222222,51.77580246913578,25.55061728395062
2022,1,충남,67.22489075741525,67.0,361.2478260246462,1.4666666666666668,14.962222222222222,5.1,984.402222222222,12.0,0.0035777777777777,0.0154666666666666,0.0321111111111111,0.4355555555555554,43.75555555555555,27.133333333333333,5.550617283950617e-07,1.3982222222222224e-05,4.556543209876543e-05,0.004958024691358,30.62913580246914,13.226666666666668
2022,2,충남,72.04272832295744,76.0,431.2371871456117,17.7,15.726666666666713,55.4,6889.762222222223,99.0,0.0030666666666666,0.0085333333333333,0.0482666666666666,0.3177777777777778,32.86666666666667,16.22222222222222,3.28888888888889e-07,6.915555555555555e-06,3.081777777777779e-05,0.0041283950617283,94.2488888888889,19.59506172839506
2022,3,충남,83.06317706534368,87.0,196.10543977342968,24.100000000000005,4.666666666666667,151.5,26877.019999999997,15.0,0.0028,0.0068444444444444,0.0362888888888888,0.3444444444444445,22.444444444444443,11.88888888888889,2.0444444444444448e-07,3.4646913580246896e-06,2.047209876543209e-05,0.0029135802469135,19.358024691358025,7.743209876543209
2022,4,충남,73.2979553163149,75.0,332.5786296111972,6.733333333333333,43.428888888888906,114.5,1495.0488888888883,,0.0029555555555555,0.0144,0.0255777777777777,0.4088888888888888,37.82222222222222,21.11111111111111,1.3135802469135804e-07,1.628444444444445e-05,2.0866172839506176e-05,0.0039209876543209,43.92395061728395,29.96543209876544
2018,1,충북,64.08773272124458,65.0,504.51625363744057,0.2333333333333334,25.00222222222222,46.366666666666674,895.1755555555553,3.0,0.0046666666666666,0.0238888888888888,0.0238333333333333,0.7333333333333334,50.333333333333336,34.111111111111114,1.5555555555555558e-06,2.554320987654321e-05,5.247222222222223e-05,0.0266666666666666,16.77777777777778,18.09876543209877
2018,2,충북,69.6356676217765,73.0,509.5495438561461,17.566666666666666,15.368888888888806,112.33333333333331,344.22888888889025,9.0,0.003,0.0147083333333333,0.0385833333333333,0.375,44.208333333333336,25.375,7.5e-07,1.887326388888889e-05,1.5493055555555547e-05,0.009375,72.83159722222223,9.651041666666666
2018,3,충북,78.74862755773331,83.0,313.74845266593866,24.433333333333334,12.19555555555568,230.5666666666667,5633.50888888889,28.0,0.0029166666666666,0.0156666666666666,0.0271666666666666,0.3083333333333333,26.95833333333333,15.208333333333334,6.597222222222223e-07,1.088888888888889e-05,8.055555555555556e-06,0.0040972222222222,15.20659722222222,12.914930555555555
2018,4,충북,74.69279336159467,81.0,485.5745059814275,5.4,26.780000000000005,67.66666666666667,1602.0688888888892,,0.0037083333333333,0.0249583333333333,0.0149583333333333,0.5478260869565217,51.29166666666666,30.83333333333333,1.623263888888889e-06,3.570659722222223e-05,1.2456597222222225e-05,0.021625708884688,130.37326388888889,68.63888888888889
2019,1,충북,62.6760847394771,64.0,507.168075568092,1.6333333333333335,11.642222222222223,21.7,179.08666666666673,17.0,0.0042258064516129,0.0230645161290322,0.0246129032258064,0.6096774193548388,65.25806451612904,46.0,1.529656607700312e-06,4.586680541103018e-05,7.817273673257022e-05,0.0163579604578564,18.90114464099896,9.612903225806452
2019,2,충북,64.67661270008473,67.0,598.5087735767746,17.033333333333335,17.468888888888866,62.9,553.0200000000009,11.0,0.0029696969696969,0.0137878787878787,0.0425454545454545,0.3575757575757576,41.90909090909091,24.78787878787879,5.748393021120294e-07,2.028833792470156e-05,5.479338842975205e-05,0.0024426078971533,47.1129476584022,9.985307621671256
2019,3,충북,81.48557114682747,86.0,277.10557367688966,23.8,4.160000000000002,162.2,669.2066666666683,8.0,0.0025151515151515,0.0096666666666666,0.0268787878787878,0.3333333333333333,24.303030303030305,15.484848484848484,3.709825528007347e-07,7.19191919191919e-06,2.307621671258036e-05,0.0058585858585858,11.847566574839302,7.401285583103765
2019,4,충북,76.57077356092246,81.0,403.3776717293621,7.233333333333333,32.295555555555566,66.9,971.4066666666664,,0.0029393939393939,0.0188181818181818,0.0165757575757575,0.5212121212121213,41.696969696969695,26.96969696969697,7.842056932966025e-07,3.4754820936639115e-05,1.5880624426078973e-05,0.0210651974288337,53.90817263544536,43.78696051423324
2020,1,충북,68.1726889214967,71.0,495.3259040936211,3.333333333333333,6.888888888888889,51.1,468.2066666666663,15.0,0.003090909090909,0.0179393939393939,0.0242121212121212,0.5666666666666667,42.7,29.545454545454547,2.038567493112948e-07,2.47842056932966e-05,4.998530762167126e-05,0.0131313131313131,12.609999999999998,12.55096418732782
2020,2,충북,66.86764943364015,69.0,576.0440110921606,16.933333333333334,27.528888888888915,86.39999999999999,1991.6599999999987,26.0,0.003125,0.00978125,0.04215625,0.39375,37.23333333333333,20.15625,3.5937500000000005e-07,5.795898437499999e-06,1.7069335937499995e-05,0.0018359375,35.84555555555556,8.0693359375
2020,3,충북,85.34469257210499,91.0,217.985445844864,22.63333333333333,7.262222222222287,359.0,19926.92666666668,1.0,0.0027878787878787,0.008090909090909,0.0249090909090909,0.3424242424242424,19.87878787878788,10.93939393939394,2.8833792470156106e-07,6.5674931129476586e-06,1.4749311294765836e-05,0.0030486685032139,14.651974288337923,5.269054178145087
2020,4,충북,71.138191156408,75.0,463.1539863032856,5.733333333333333,32.88222222222223,15.433333333333332,135.60222222222222,,0.003090909090909,0.0167575757575757,0.020060606060606,0.5060606060606061,38.96969696969697,25.21212121212121,2.6446280991735537e-07,1.6001836547291093e-05,9.632690541781453e-06,0.0102662993572084,26.150596877869607,24.409550045913683
2021,1,충북,65.20354232227871,67.0,507.76769195634967,2.3666666666666667,20.202222222222225,38.5,1169.5266666666664,0.0,0.0029393939393939,0.0165757575757575,0.0275757575757575,0.5393939393939394,49.15151515151515,26.848484848484848,5.4178145087236e-07,1.175941230486685e-05,3.636547291092747e-05,0.0048117539026629,85.46189164370982,11.09825528007346
2021,2,충북,69.82638224984066,74.0,543.1888695614526,16.933333333333334,13.342222222222263,101.2,1720.8799999999983,16.0,0.0022903225806451,0.0108064516129032,0.0422258064516129,0.4129032258064517,40.54838709677419,19.29032258064516,2.0603537981269506e-07,1.0672216441207077e-05,1.2110301768990633e-05,0.0043496357960457,74.57023933402706,4.464099895941728
2021,3,충북,83.08320664663249,88.0,235.0324974157984,23.633333333333336,4.842222222222223,214.7,430.0866666666669,60.0,0.0022424242424242,0.0081818181818181,0.0283030303030303,0.3575757575757576,18.545454545454547,9.303030303030305,2.442607897153352e-07,5.785123966942148e-06,7.241505968778698e-06,0.0048668503213957,6.975206611570248,2.2718089990817267
2021,4,충북,76.82532655534608,83.0,411.5342706021988,6.900000000000001,31.286666666666648,29.399999999999995,321.28666666666686,,0.0023333333333333,0.0158181818181818,0.0206060606060606,0.4939393939393939,36.81818181818182,22.848484848484848,2.828282828282829e-07,2.220936639118457e-05,7.269054178145087e-06,0.0066299357208448,48.26997245179064,21.34067952249771
2022,1,충북,63.20861211185452,65.0,474.5732689996371,0.8666666666666666,17.84222222222222,27.46666666666667,1187.7955555555554,2.0,0.0023333333333333,0.0171515151515151,0.0278181818181818,0.4818181818181818,42.696969696969695,27.454545454545453,2.222222222222223e-07,1.6249770431588612e-05,4.0633608815427e-05,0.0087603305785123,16.21120293847566,9.278236914600551
2022,2,충북,64.0274967750696,66.0,537.0968591228784,17.933333333333334,14.115555555555552,73.0,4247.006666666666,77.0,0.002030303030303,0.0096363636363636,0.045030303030303,0.3393939393939393,31.78125,17.032258064516128,8.999081726354453e-08,9.261707988980718e-06,2.112029384756657e-05,0.0066299357208448,49.3583984375,7.773152965660769
2022,3,충북,83.06374756368035,88.0,243.81362919841044,23.6,5.646666666666836,258.3,20057.00666666667,8.0,0.0019696969696969,0.0075454545454545,0.0282424242424242,0.3212121212121212,19.60606060606061,11.848484848484848,2.9384756657483934e-08,5.702479338842973e-06,1.5759412304866856e-05,0.0095500459136822,8.966023875114784,3.3406795224977044
2022,4,충북,75.3836561600727,81.0,422.8650568284922,5.600000000000001,49.126666666666665,55.23333333333333,885.8955555555561,,0.0021212121212121,0.0156666666666666,0.0197878787878787,0.4272727272727273,35.84848484848485,22.60606060606061,1.0651974288337924e-07,2.0343434343434345e-05,1.0530762167125804e-05,0.0134986225895316,80.55280073461891,34.05693296602388
